id	our_name	google_name	our_address	google_address	place_id	google_maps_uri	similarity	google_status	our_status
6ecfb232-50b8-45f7-b511-bc5e2fb1f79b	頑童主義咖啡Stand-Up Shop	DasKind頑童主義咖啡	70245台南市南區西門路一段269號	70245台灣臺南市南區西門路一段269號	ChIJr-le8fF3bjQRf3tVzgt8mms	https://maps.google.com/?cid=7753646098619923327&g_mp=CiVnb29nbGUubWFwcy5wbGFjZXMudjEuUGxhY2VzLkdldFBsYWNlEAIYBCAA	0.40	OPERATIONAL	operational
ac8dd099-352a-44e5-bb61-f4f6f15cf318	黑羊咖啡	魚羊鮮豆 東豐店	台南市永福路一段五號	704台灣臺南市北區仁愛里東豐路275號	ChIJ7WuMWel2bjQRSjPvtJxUW84	https://maps.google.com/?cid=14869571626721030986&g_mp=CiVnb29nbGUubWFwcy5wbGFjZXMudjEuUGxhY2VzLkdldFBsYWNlEAIYBCAA	0.18	OPERATIONAL	operational
901d5af8-c00d-4fd6-a21d-0579db91f574	 1982 de glacée 法式冰淇淋	昕樸永續股份有限公司	700台灣台南市中西區永福路一段68巷9號	700台灣臺南市中西區南門里永福路一段68巷9號2樓	ChIJQ_wwEPJ3bjQR0y75aAp7uIw	https://maps.google.com/?cid=10139989845665722067&g_mp=CiVnb29nbGUubWFwcy5wbGFjZXMudjEuUGxhY2VzLkdldFBsYWNlEAIYBCAA	0.00	OPERATIONAL	operational
6f434f50-5df8-4186-99e8-da2de2724408	貓門Cafe Moment	貓門珈琲	台南市北區南園街87號1樓	700台灣臺南市中西區兌悅里信義街46巷17號	ChIJUUmjCGd2bjQRdMKGKrBic_k	https://maps.google.com/?cid=17974819046533022324&g_mp=CiVnb29nbGUubWFwcy5wbGFjZXMudjEuUGxhY2VzLkdldFBsYWNlEAIYBCAA	0.25	OPERATIONAL	operational
02a22fe1-6bbf-4b96-8883-7130cfdf6ab7	大風堂	一風堂 台南南紡店	台南市東和路159巷29號	701台灣臺南市東區中華東路一段358號南紡購物中心A2館1樓	ChIJT0a05jx3bjQRLMD5YhVoZN0	https://maps.google.com/?cid=15952990221117276204&g_mp=CiVnb29nbGUubWFwcy5wbGFjZXMudjEuUGxhY2VzLkdldFBsYWNlEAIYBCAA	0.36	OPERATIONAL	operational
ef20efac-5e54-49c8-97c9-d7a72c795423	路易莎咖啡永康分店	Louisa Coffee 路易莎咖啡(台南永康門市)	台南市永康區中華二路365號	710台灣臺南市永康區六合里中華二路365號	ChIJ6QpO79x2bjQR4WYEjdR5gk4	https://maps.google.com/?cid=5657218035736667873&g_mp=CiVnb29nbGUubWFwcy5wbGFjZXMudjEuUGxhY2VzLkdldFBsYWNlEAIYBCAA	0.44	OPERATIONAL	operational
c79baff4-1a92-43bc-9233-61656cf9f2d7	街頭咖啡Street Cafe 民生店 	街貓咖啡店-（不是貓咖） 台南 中西 老屋咖啡廳推建 老宅咖啡首選 網友打卡咖啡店 讀書 甜點好評 平價 專業手沖咖啡 巷弄咖啡 優質 高CP值 提拉米蘇 巴斯克 布朗尼 古董居家氛圍 下午茶 精選咖啡豆 聚會	台南市中西區新美街7號	700台灣臺南市中西區淺草里正德街29巷1號	ChIJnR74XwB3bjQR8WJt5s2SSpM	https://maps.google.com/?cid=10613456884883874545&g_mp=CiVnb29nbGUubWFwcy5wbGFjZXMudjEuUGxhY2VzLkdldFBsYWNlEAIYBCAA	0.08	OPERATIONAL	operational
ad3392c4-4b8c-477c-b7e9-5474f343f36e	Bobosa Coffee	Bobosa Coffee	台南市北區小東路321號	704台灣臺南市北區東興里小東路321號	ChIJiZ8_psF2bjQREyws05mDpho	https://maps.google.com/?cid=1920366987816217619&g_mp=CiVnb29nbGUubWFwcy5wbGFjZXMudjEuUGxhY2VzLkdldFBsYWNlEAIYBCAA	1.00	CLOSED_PERMANENTLY	permanently_closed
c8e716d0-a753-42c8-9ca9-eeba567b3079	歐塔克ottag caf'e手作烘焙咖啡館	歐塔克手作咖啡烘焙館	台南市安平區華平路726號	708台灣臺南市安平區平安里華平路726號	ChIJx_VshxF2bjQRdemuWSoNsO0	https://maps.google.com/?cid=17127203858434419061&g_mp=CiVnb29nbGUubWFwcy5wbGFjZXMudjEuUGxhY2VzLkdldFBsYWNlEAIYBCAA	0.55	OPERATIONAL	operational
0105c5f1-6a0a-4541-bf88-2c714f27354f	鉄工咖啡館/千層蛋糕	鉄工咖啡館（千層專賣店）營業資訊請洽IG 臉書）	701台南市東區裕豐街105號	900台灣屏東縣屏東市維新里和平路320號	ChIJXUoMwG53bjQR8YC-4491sYE	https://maps.google.com/?cid=9345379962632175857&g_mp=CiVnb29nbGUubWFwcy5wbGFjZXMudjEuUGxhY2VzLkdldFBsYWNlEAIYBCAA	0.48	OPERATIONAL	operational
a05a2d12-3791-4298-8719-386d0c4c33ca	月光咖啡廳	MoonLight Saloon 月光餐酒館--漢堡專賣	台南巿東區崇明路405號2樓	70161台灣臺南市東區龍山里富德街25巷6號	ChIJ0TnF7y93bjQRhBhcTdRHiaQ	https://maps.google.com/?cid=11856086471186061444&g_mp=CiVnb29nbGUubWFwcy5wbGFjZXMudjEuUGxhY2VzLkdldFBsYWNlEAIYBCAA	0.14	OPERATIONAL	operational
2aae2569-6ae4-44e5-9f8f-5de763d90561	More Cafe, 摩爾咖啡. 摩爾先生咖啡館	摩爾先生咖啡北安店【台南北區網友推薦咖啡】外帶咖啡|手沖咖啡|平價咖啡小店|香醇咖啡	台南市中西區赤嵌街47號	70462台灣臺南市北區正覺里北安路一段41號	ChIJ-RxOaqN2bjQREdxMT1HK6ms	https://maps.google.com/?cid=7776250157180181521&g_mp=CiVnb29nbGUubWFwcy5wbGFjZXMudjEuUGxhY2VzLkdldFBsYWNlEAIYBCAA	0.20	OPERATIONAL	operational
c7814cb8-fe56-42f4-bb3c-712759364dee	深作咖啡	深作cafe'	台南市中西區民權路二段231號	700台灣臺南市中西區天后里民權路二段231號	ChIJWSMFxmN2bjQRwpKdZbf5DL4	https://maps.google.com/?cid=13694595133005992642&g_mp=CiVnb29nbGUubWFwcy5wbGFjZXMudjEuUGxhY2VzLkdldFBsYWNlEAIYBCAA	0.40	OPERATIONAL	operational
ffdf6b8e-d89c-42a9-b421-5de9aa75a7ee	橘舍	橘舍咖啡(結束店面營業)	中西區中正路108巷1號	700台灣臺南市中西區南美里中正路108巷1號	ChIJoTW1XWN2bjQRcU3McBVT2Xs	https://maps.google.com/?cid=8924255488163204465&g_mp=CiVnb29nbGUubWFwcy5wbGFjZXMudjEuUGxhY2VzLkdldFBsYWNlEAIYBCAA	1.00	CLOSED_PERMANENTLY	permanently_closed
59c81419-55e7-4bff-a36a-50b8e5396d31	M2 coffee shop 崇德店	MUC漫悠客咖啡B1+崇德店	701台南市東區崇德路616號	701台灣臺南市東區東智里崇德路870號	ChIJIXd7IAB1bjQRmpHaJJGmRXo	https://maps.google.com/?cid=8810631388339016090&g_mp=CiVnb29nbGUubWFwcy5wbGFjZXMudjEuUGxhY2VzLkdldFBsYWNlEAIYBCAA	0.36	OPERATIONAL	operational
e2fea787-88fe-427d-b957-105e905e436b	猛男咖啡	Beefcake Coffee 2.0 安平店	台南市南區大成路一段32號	708台灣臺南市安平區平安里安平路42號	ChIJmSNdQWx2bjQRzaFTmoWUTME	https://maps.google.com/?cid=13928671049090834893&g_mp=CiVnb29nbGUubWFwcy5wbGFjZXMudjEuUGxhY2VzLkdldFBsYWNlEAIYBCAA	0.00	OPERATIONAL	operational
7b18dc24-c53f-40c2-845d-0a310ce12cb3	James Cofa	Jamys潛艇堡專賣店	台南市民族路二段47號	701台灣臺南市東區成大里大學路西段9號	ChIJeQQqjJJ2bjQRhZLM-FIHGF0	https://maps.google.com/?cid=6708119697911222917&g_mp=CiVnb29nbGUubWFwcy5wbGFjZXMudjEuUGxhY2VzLkdldFBsYWNlEAIYBCAA	0.40	OPERATIONAL	operational
05958cec-f721-424f-8374-fb53ffafc129	CHEFFRESH cafe (南門)	窄門咖啡館	國立台灣文學館—台南中正路1號（南門路出入口）	700台灣臺南市中西區永華里南門路67號2F	ChIJq-hjV312bjQRc2uqPnxTEwg	https://maps.google.com/?cid=581900569953332083&g_mp=CiVnb29nbGUubWFwcy5wbGFjZXMudjEuUGxhY2VzLkdldFBsYWNlEAIYBCAA	0.10	OPERATIONAL	operational
734436b9-092e-476c-ad7d-ed053b5d2ce1	Coffee Concept 隱初	Coffee Concept |隱初	台南市中西區西門路二段365巷5號	700台灣臺南市中西區五條港里西門路二段365巷5號	ChIJzWKZpMt3bjQR_cvVURkKUM4	https://maps.google.com/?cid=14866393473813433341&g_mp=CiVnb29nbGUubWFwcy5wbGFjZXMudjEuUGxhY2VzLkdldFBsYWNlEAIYBCAA	0.97	CLOSED_PERMANENTLY	permanently_closed
d4659915-7ca9-44fd-b4fd-5ebbc62378dd	歸旅咖啡＠台南安平＠早午餐＠民宿＠Guei Cafe	歸旅咖啡（不定期公休, 詳見FB公告	台南市安平區建平七街752號	708台灣臺南市安平區育平里建平七街752號	ChIJL96JUwZ2bjQRBjxHJwLDNtI	https://maps.google.com/?cid=15147508810723572742&g_mp=CiVnb29nbGUubWFwcy5wbGFjZXMudjEuUGxhY2VzLkdldFBsYWNlEAIYBCAA	0.25	OPERATIONAL	operational
bc68fa92-f093-45b1-b89d-1a126f065086	am's food and goods	IAM澳洲小時光	台南市北區前鋒路173號	70050台灣臺南市中西區赤嵌里忠義路二段169號	ChIJA8OYn-d3bjQRO4rQcKiEV2I	https://maps.google.com/?cid=7086278397672852027&g_mp=CiVnb29nbGUubWFwcy5wbGFjZXMudjEuUGxhY2VzLkdldFBsYWNlEAIYBCAA	0.17	OPERATIONAL	operational
9418b634-283c-42cb-9d1d-49bcfa4aa313	正興咖啡館	成真咖啡 台南正興店	台南市中西區國華街三段43號	700台灣臺南市中西區淺草里海安路二段78號	ChIJ_0-h_2R2bjQRU5PYL1NinHI	https://maps.google.com/?cid=8258583926115177299&g_mp=CiVnb29nbGUubWFwcy5wbGFjZXMudjEuUGxhY2VzLkdldFBsYWNlEAIYBCAA	0.29	OPERATIONAL	operational
5a4e25c8-4aa0-4b29-a446-55ef2897d8a6	Coffee Cafe' 咖啡珈琲	巴黎小餐館	台南市中西區樹林街二段290號	700台灣台南市中西区南美里永福路二段146號2樓	ChIJLzLbOnx2bjQRYDTWoW1GdJU	https://maps.google.com/?cid=10769310045630248032&g_mp=CiVnb29nbGUubWFwcy5wbGFjZXMudjEuUGxhY2VzLkdldFBsYWNlEAIYBCAA	0.00	OPERATIONAL	operational
77fcafdb-a7fe-4064-8993-6c8b93ff4809	穎可達Incosda Coffee	穎可達咖啡股份有限公司	台南市東區仁和路37號	71742台灣臺南市仁德區仁義里林頂街5號	ChIJe8rTVqsFbjQRP8VeEJ2laaQ	https://maps.google.com/?cid=11847182388777895231&g_mp=CiVnb29nbGUubWFwcy5wbGFjZXMudjEuUGxhY2VzLkdldFBsYWNlEAIYBCAA	0.22	OPERATIONAL	operational
54910ee6-a8e5-438a-9c39-4987df50d6ef	艾登咖啡館	AT Coffee 艾緹咖啡	台南市中西區成功路437號	708台灣臺南市安平區平通里慶平路567號	ChIJyVZrbXx3bjQRtgFtze2iqWs	https://maps.google.com/?cid=7757910975359812022&g_mp=CiVnb29nbGUubWFwcy5wbGFjZXMudjEuUGxhY2VzLkdldFBsYWNlEAIYBCAA	0.35	OPERATIONAL	operational
54590b00-d565-4655-b4d7-9ac822510b32	福米cafe	福米cafe	台南市中西區西門路一段536號	700台灣臺南市中西區小西門里西門路一段536號	ChIJWfD5QXl2bjQRKFSrnRLmXkY	https://maps.google.com/?cid=5070743198094808104&g_mp=CiVnb29nbGUubWFwcy5wbGFjZXMudjEuUGxhY2VzLkdldFBsYWNlEAIYBCAA	1.00	CLOSED_TEMPORARILY	temporarily_closed
c6b67262-f747-4496-88fa-347a7db5dac1	朋友的朋友咖啡店	朋友的朋友咖啡店	台南市中西區建安街51巷30號	700台灣臺南市中西區南廠里建安街51巷30號	ChIJ_zGotpB3bjQRADfallH8RbA	https://maps.google.com/?cid=12701835751421785856&g_mp=CiVnb29nbGUubWFwcy5wbGFjZXMudjEuUGxhY2VzLkdldFBsYWNlEAIYBCAA	1.00	CLOSED_PERMANENTLY	permanently_closed
a3afd430-a49c-4d63-b205-527e505f7a97	樂享學	樂學商務共享空間館 (辦公室出租/公司借址/活動場地出租)	台南市永康區中山路298號	700台灣臺南市中西區城隍里民權路一段243號4樓	ChIJ2aNfWZ13bjQRHPlF-ayzhDs	https://maps.google.com/?cid=4288750300661414172&g_mp=CiVnb29nbGUubWFwcy5wbGFjZXMudjEuUGxhY2VzLkdldFBsYWNlEAIYBCAA	0.15	OPERATIONAL	operational
432e665f-2f76-46d9-9e95-14b5aab4eba9	神榕147	神榕一四七	臺南市神農街147號	700台灣臺南市中西區藥王里神農街147號	ChIJseQKc2Z2bjQR26O10DtsIiU	https://maps.google.com/?cid=2675820132771931099&g_mp=CiVnb29nbGUubWFwcy5wbGFjZXMudjEuUGxhY2VzLkdldFBsYWNlEAIYBCAA	0.40	OPERATIONAL	operational
6afdaec2-cbdd-4d55-bc50-419f3d0a483d	Django 決哥手烘咖啡吧-勝利店	Django 決哥手烘咖啡吧-勝利店	台南市東區勝利路187號	701台灣臺南市東區成大里勝利路167-1號	ChIJf0bFjJJ2bjQRqARqD1xlxmQ	https://maps.google.com/?cid=7261602895251506344&g_mp=CiVnb29nbGUubWFwcy5wbGFjZXMudjEuUGxhY2VzLkdldFBsYWNlEAIYBCAA	1.00	CLOSED_PERMANENTLY	permanently_closed
5388d101-f217-48bd-88fd-86a5832b924e	南十三咖啡	南十三咖啡	台南市中西區民族路二段317巷46號	700台灣臺南市中西區永福里民族路二段317巷46號	ChIJSwRLKGJ2bjQR1JaJg9HkPrU	https://maps.google.com/?cid=13060127557927147220&g_mp=CiVnb29nbGUubWFwcy5wbGFjZXMudjEuUGxhY2VzLkdldFBsYWNlEAIYBCAA	1.00	CLOSED_PERMANENTLY	permanently_closed
c0ce8fc6-b9b3-4f5f-ae2c-22a1e27acdbb	花樓二店	花樓咖啡 Follow Coffee 二店	台南市中西區民權路三段55號	700台灣臺南市中西區五條港里民權路三段55號	ChIJNQRqF2R2bjQRgPhSkChMrNU	https://maps.google.com/?cid=15396764963176642688&g_mp=CiVnb29nbGUubWFwcy5wbGFjZXMudjEuUGxhY2VzLkdldFBsYWNlEAIYBCAA	0.36	OPERATIONAL	operational
0841ea11-fb0e-4568-bdeb-7b4f6d6ce23a	路咖啡/ROAD CAFE	路咖啡Road Café/外帶咖啡吧(5/19-5/31去七逃店休)	704台南市北區長榮路五段55號	704台灣臺南市北區長榮路五段55號	ChIJf-YS7sN3bjQRs0QfhmL06pw	https://maps.google.com/?cid=11307118518461220019&g_mp=CiVnb29nbGUubWFwcy5wbGFjZXMudjEuUGxhY2VzLkdldFBsYWNlEAIYBCAA	0.53	OPERATIONAL	operational
17298312-d348-43a2-84b0-39b2a7e816be	Lure Late Late Breakfast 鹿耳晚晚早餐	鹿耳晚晚早餐｜鹿耳夜間部	台南市東區林森路一段153巷19號	701台灣臺南市東區泉南里林森路一段153巷19號	ChIJ-2iLmoR2bjQREdeivWRjL9E	https://maps.google.com/?cid=15073375762161784593&g_mp=CiVnb29nbGUubWFwcy5wbGFjZXMudjEuUGxhY2VzLkdldFBsYWNlEAIYBCAA	0.31	OPERATIONAL	operational
d97ba926-758a-450d-8c9d-5a46f104f03a	加比萊瑟思 License.CAF'E	LiberalCafe*自由派*	700台南市民權路一段270號	704台灣臺南市北區開元里北園街99巷43號	ChIJx6ZgaaN3bjQRA7JP7hFUn8s	https://maps.google.com/?cid=14672538546985742851&g_mp=CiVnb29nbGUubWFwcy5wbGFjZXMudjEuUGxhY2VzLkdldFBsYWNlEAIYBCAA	0.44	OPERATIONAL	operational
402e66d4-6f7b-49e2-a2b5-e903c90cff9a	Lu.CY Coffee Roast & Brew	盧西咖啡工作室	台南市北區 育德二路340號 	704台灣臺南市北區福德里育德二路340號	ChIJHXissFd2bjQRQeUgrXl7e2M	https://maps.google.com/?cid=7168458994416149825&g_mp=CiVnb29nbGUubWFwcy5wbGFjZXMudjEuUGxhY2VzLkdldFBsYWNlEAIYBCAA	0.00	OPERATIONAL	operational
d30232fa-944e-486e-95c4-71c743208ba8	咖啡森活	Y café森活轉角 照顧咖啡館	台南市東區東門路一段52巷3弄5號	701台灣臺南市東區大學里林森路二段500號A棟1樓	ChIJw3u5sNp3bjQR4itZ8tJN4c8	https://maps.google.com/?cid=14979339404015381474&g_mp=CiVnb29nbGUubWFwcy5wbGFjZXMudjEuUGxhY2VzLkdldFBsYWNlEAIYBCAA	0.22	OPERATIONAL	operational
7ebbf5fa-840a-4243-9d42-57e7e328c1d7	代謝俱楽部	潮代診所| 減重診所 | 健康減重 | 台南減肥推薦	台南市北區開元路212巷126號	704台灣臺南市北區振興里林森路三段165號2樓	ChIJWRzn7-h2bjQRczbziktkulU	https://maps.google.com/?cid=6177360114508576371&g_mp=CiVnb29nbGUubWFwcy5wbGFjZXMudjEuUGxhY2VzLkdldFBsYWNlEAIYBCAA	0.08	OPERATIONAL	operational
28c5d900-c11b-40c1-8c1f-ca3b39df8861	尚品咖啡 (南門店)	尚品咖啡 - Sanremo 咖啡機台灣總代理 ＆ 設備器材	台南市中西區南門路233-6號	702032台灣臺南市南區南門路341號	ChIJQ4uY6tR1bjQRZY8fLzm3xgY	https://maps.google.com/?cid=488279065847893861&g_mp=CiVnb29nbGUubWFwcy5wbGFjZXMudjEuUGxhY2VzLkdldFBsYWNlEAIYBCAA	0.26	OPERATIONAL	operational
137fbf7a-f638-4b5a-b54a-2442cd4ede25	旺德實驗室	旺德實驗室（已停業	台南市北區公園路437巷10號	704台灣臺南市北區小北里公園路437巷10號	ChIJc4b13_Z2bjQRZvYmBOqSOWE	https://maps.google.com/?cid=7005792229141182054&g_mp=CiVnb29nbGUubWFwcy5wbGFjZXMudjEuUGxhY2VzLkdldFBsYWNlEAIYBCAA	1.00	CLOSED_PERMANENTLY	permanently_closed
4f4aa386-b7df-41bf-a54f-2192d2c0f7d4	 臺南・特有種商行	台南特有種商行	臺南市中西區正興街71號	700台灣臺南市中西區淺草里正興街71號	ChIJF3jg-mR2bjQRJaezTZImxw0	https://maps.google.com/?cid=992804652669183781&g_mp=CiVnb29nbGUubWFwcy5wbGFjZXMudjEuUGxhY2VzLkdldFBsYWNlEAIYBCAA	0.80	CLOSED_PERMANENTLY	permanently_closed
f5ac5386-fea9-4311-9d19-72b1ca05b3bb	belonginn	BELONGINN	台南市神農街80號	700台灣臺南市中西區藥王里神農街80號	ChIJO8_9qgd3bjQRBZBYXntLNbQ	https://maps.google.com/?cid=12985368093828616197&g_mp=CiVnb29nbGUubWFwcy5wbGFjZXMudjEuUGxhY2VzLkdldFBsYWNlEAIYBCAA	1.00	CLOSED_PERMANENTLY	permanently_closed
fd710a4c-8198-4ead-ac0c-8f749f18fcf7	老棧	老賴茶棧 台南東安店	台南市仁德區中正路二段669號	701台灣臺南市東區東明里東安路49-1號	ChIJ72APdqN3bjQRoWQqQzzXsdI	https://maps.google.com/?cid=15182152472667514017&g_mp=CiVnb29nbGUubWFwcy5wbGFjZXMudjEuUGxhY2VzLkdldFBsYWNlEAIYBCAA	0.36	OPERATIONAL	operational
c1648565-ba62-4e81-af45-d1cc9db19044	奇美咖啡館	深藍咖啡館 奇美博物館店	台南市東區大學路1號	717台灣臺南市仁德區成功里文華路二段66號2F	ChIJWWRffCF1bjQRlYkYuTdlpRU	https://maps.google.com/?cid=1559764135956744597&g_mp=CiVnb29nbGUubWFwcy5wbGFjZXMudjEuUGxhY2VzLkdldFBsYWNlEAIYBCAA	0.38	OPERATIONAL	operational
11c6f993-e2dc-4600-93bc-093e91dfa253	Ho-Yo Cookies	HO-YO Cookies	700台南市中西區中正路138巷6號	700台灣臺南市中西區南美里中正路138巷6號	ChIJV8r4YGN2bjQRz2uA-LpmnG0	https://maps.google.com/?cid=7898300799720123343&g_mp=CiVnb29nbGUubWFwcy5wbGFjZXMudjEuUGxhY2VzLkdldFBsYWNlEAIYBCAA	1.00	CLOSED_TEMPORARILY	temporarily_closed
5adf417c-35f6-4a49-892d-bd78ead27f4a	毛伊咖啡	毛利屋珈琲	台南市東區東門路二段385號	700台灣臺南市中西區康樂市場188號	ChIJF9A7Rh93bjQRjG7ACcRUCog	https://maps.google.com/?cid=9802740739879235212&g_mp=CiVnb29nbGUubWFwcy5wbGFjZXMudjEuUGxhY2VzLkdldFBsYWNlEAIYBCAA	0.22	OPERATIONAL	operational
e8d84d39-5bf0-4c29-a539-d66dc57124fb	Wooli cafe屋裡自家烘焙咖啡店	屋裡咖啡	台南市永康區東橋三路476號	710台灣臺南市永康區東橋三路476號	ChIJw8gmmCN3bjQR7BnKZSrTRnc	https://maps.google.com/?cid=8594789117933001196&g_mp=CiVnb29nbGUubWFwcy5wbGFjZXMudjEuUGxhY2VzLkdldFBsYWNlEAIYBCAA	0.36	OPERATIONAL	operational
f246d465-8d65-4797-be7a-9f65bd60fcb8	塗鴉空間 書店 小酒館 - Picturesque	烏邦圖書店_環河店 (連假正常營業)	台南市東區大學路18巷18-1號	70060台灣台南市中西区浅草里环河街129巷27號2樓	ChIJH2xGjm52bjQRgtJmNCj1FSA	https://maps.google.com/?cid=2312023536751268482&g_mp=CiVnb29nbGUubWFwcy5wbGFjZXMudjEuUGxhY2VzLkdldFBsYWNlEAIYBCAA	0.12	OPERATIONAL	operational
3cd514da-89f2-4326-b96a-dea2931d567f	 樸澍 咖啡館	純潔｜chun-jie studio｜（休息日請看專頁公告）	台南市東區榮譽街23號	704台灣臺南市北區北華里裕民街83巷19號	ChIJYW00kJB3bjQR2oDCBqJQNtA	https://maps.google.com/?cid=15003267865459720410&g_mp=CiVnb29nbGUubWFwcy5wbGFjZXMudjEuUGxhY2VzLkdldFBsYWNlEAIYBCAA	0.00	OPERATIONAL	operational
b3d3f44c-d5d8-49d6-9361-0493f88407b3	安內咖啡	An 1943 Coffee	台南市永康區大橋一街73巷34號	710台灣臺南市永康區大橋里大橋一街73巷34號	ChIJw291zCF3bjQRn3X-_2mENd0	https://maps.google.com/?cid=15939792046949037471&g_mp=CiVnb29nbGUubWFwcy5wbGFjZXMudjEuUGxhY2VzLkdldFBsYWNlEAIYBCAA	0.00	OPERATIONAL	operational
c210a786-5629-48da-ac4c-a66ae50aeb2a	MR PIKI 外帶吧	MR GOOD 古德先生澳式咖啡 忠義店	台南市中西區忠義路一段102號	700台灣臺南市中西區南門里忠義路一段102號 中間號那間	ChIJk0p6Q5B3bjQRD5arzwCgVxs	https://maps.google.com/?cid=1970219287342454287&g_mp=CiVnb29nbGUubWFwcy5wbGFjZXMudjEuUGxhY2VzLkdldFBsYWNlEAIYBCAA	0.15	OPERATIONAL	operational
d9339440-8d8e-445b-b3bb-d3abed9fbb2f	More Cafe,摩爾咖啡	More Cafe x NMTH 臺史博店	台南市中西區赤崁街47號	709台灣臺南市安南區東和里長和路一段250號	ChIJKaQrulh3bjQRwRcgUj47Vbk	https://maps.google.com/?cid=13354645408888920001&g_mp=CiVnb29nbGUubWFwcy5wbGFjZXMudjEuUGxhY2VzLkdldFBsYWNlEAIYBCAA	0.55	OPERATIONAL	operational
81ce569c-00a2-454d-93f9-fe7ca1c9cc88	Miss Bossy Café	凃小姐coffee shop-永康人氣咖啡廳|必去下午茶|打卡美食|熱門咖啡廳|特色簡餐|親子餐廳|義大利麵	台南市中西區新美街185號	710台灣臺南市永康區東橋里東橋二街68號	ChIJnW4CHNN3bjQRWpcCBk5psCs	https://maps.google.com/?cid=3148131923361175386&g_mp=CiVnb29nbGUubWFwcy5wbGFjZXMudjEuUGxhY2VzLkdldFBsYWNlEAIYBCAA	0.06	OPERATIONAL	operational
d6734859-2d8d-4ad6-bdc6-14d26932a1f1	WO TANG XING 莪堂行	禪馥館(星期日來店前建議先電聯)	台南市中西區府前路一段359巷22號	701台灣臺南市東區成大里北門路一段308-1號	ChIJqxhQaIx2bjQRnrhLziyTlkg	https://maps.google.com/?cid=5230529837886322846&g_mp=CiVnb29nbGUubWFwcy5wbGFjZXMudjEuUGxhY2VzLkdldFBsYWNlEAIYBCAA	0.00	OPERATIONAL	operational
15efe219-bc2d-4f0c-b02c-bfee487c48b3	M2 coffee shop 凱旋店	夫水二木。咖啡館 Double Woods Café & Cinnamon rolls	701台南市東區凱旋路15號	700台灣臺南市中西區西湖里民權路四段136號1樓	ChIJcyvhYox3bjQRjciyFBMjpIE	https://maps.google.com/?cid=9341630091931863181&g_mp=CiVnb29nbGUubWFwcy5wbGFjZXMudjEuUGxhY2VzLkdldFBsYWNlEAIYBCAA	0.12	OPERATIONAL	operational
0d7cce36-b88a-45a3-9298-ef106cd5f746	暖暖蛇咖啡館 Café Flâneur	奇暖咖啡	台南市中西區普濟街53號	710台灣臺南市永康區六合里六合路63巷10號	ChIJWzTqmX13bjQRNCGPP9hKsJo	https://maps.google.com/?cid=11146491370381713716&g_mp=CiVnb29nbGUubWFwcy5wbGFjZXMudjEuUGxhY2VzLkdldFBsYWNlEAIYBCAA	0.29	OPERATIONAL	operational
37a40037-9562-497a-8598-07c6e3bf3fce	古行自家烘焙咖啡	古行咖啡goodthingcoffee	台南市中西區民族路二段399號	700台灣臺南市中西區赤嵌里民族路二段399號	ChIJQ62xaGF2bjQRhum1tpGPKsc	https://maps.google.com/?cid=14351441018567911814&g_mp=CiVnb29nbGUubWFwcy5wbGFjZXMudjEuUGxhY2VzLkdldFBsYWNlEAIYBCAA	0.30	OPERATIONAL	operational
cc13994f-8ac0-431e-b303-c0db955ee6db	Coffee Cape station	開普三號店	台南市中西區萬昌街133-1號	701台灣臺南市東區大學里長榮路三段66巷70號	ChIJw9PibZR2bjQR9Vqin19AMIw	https://maps.google.com/?cid=10101644743636310773&g_mp=CiVnb29nbGUubWFwcy5wbGFjZXMudjEuUGxhY2VzLkdldFBsYWNlEAIYBCAA	0.00	CLOSED_PERMANENTLY	permanently_closed
cb7ad397-0636-492a-b7f9-9c712c3996f1	福吉161商行	吉興鐘錶行	台南市南區福吉五街16巷1號	704台灣臺南市北區大豐里文賢路257號	ChIJwbQWK112bjQRcoCcbqiTe8s	https://maps.google.com/?cid=14662475363454320754&g_mp=CiVnb29nbGUubWFwcy5wbGFjZXMudjEuUGxhY2VzLkdldFBsYWNlEAIYBCAA	0.33	OPERATIONAL	operational
9ffae097-6c66-4093-b629-3e29333b8905	( AT ) ~Cats&Tea 茶飲輕食	能 喫茶餐廳	台南市中西區建業街72號	710台灣臺南市永康區西橋里中華西街257號	ChIJgapUeKN3bjQRWHqvC9MChJM	https://maps.google.com/?cid=10629624125958617688&g_mp=CiVnb29nbGUubWFwcy5wbGFjZXMudjEuUGxhY2VzLkdldFBsYWNlEAIYBCAA	0.11	OPERATIONAL	operational
7f53f7f0-cfbd-4393-920d-addf73aa2080	曼頓咖啡Manton Coffee-成大店24H	I'M COFFEE 大學店	台南市小東路151號	701台灣臺南市東區大學里勝利路118號	ChIJEUVp3nV3bjQRkE0G7ZN1npA	https://maps.google.com/?cid=10420895865979162000&g_mp=CiVnb29nbGUubWFwcy5wbGFjZXMudjEuUGxhY2VzLkdldFBsYWNlEAIYBCAA	0.55	OPERATIONAL	operational
7d0bcb1b-c8fd-47db-9d35-89ecb132b570	首璽咖啡 SoSee Coffee	粼粼｟不定休、營業資訊及入店須知請以IG置頂貼文為主,店內為安靜空間,恕無接待超出四人來客與未滿八歲孩童(超出四人以任何分開形式入店皆不可)，無外帶，請見諒｠	701台南市東區裕農路375號	701台灣臺南市東區富裕里裕豐街35號	ChIJ45qRGYB3bjQR0Otugn7GekA	https://maps.google.com/?cid=4646244212242574288&g_mp=CiVnb29nbGUubWFwcy5wbGFjZXMudjEuUGxhY2VzLkdldFBsYWNlEAIYBCAA	0.00	OPERATIONAL	operational
6ca7425f-afd2-42d8-af97-a6d5797f8b42	浮游咖啡	浮游咖啡(暫停營業）	台南市中西區府前路一段122巷81號	700台灣臺南市中西區府前路一段122巷81號浮游咖啡在1樓1樓，2樓私人空間勿擅闖	ChIJqYi_rO52bjQRVf5X4vtGXcE	https://maps.google.com/?cid=13933370869802335829&g_mp=CiVnb29nbGUubWFwcy5wbGFjZXMudjEuUGxhY2VzLkdldFBsYWNlEAIYBCAA	1.00	CLOSED_TEMPORARILY	temporarily_closed
7cad8f44-6b6e-41ef-b51b-6770c3b74d5c	大鋤花間	Dachu Coffee Estate	733 台南市台南市東山區高原村高原109之17號 (台南縣東山鄉175線道11.5公里)	733台灣臺南市東山區高原里高原109-17號175號咖啡公路11.5公里	ChIJ6-g_IcKMbjQR9aC9Xl8n9O4	https://maps.google.com/?cid=17218430565909111029&g_mp=CiVnb29nbGUubWFwcy5wbGFjZXMudjEuUGxhY2VzLkdldFBsYWNlEAIYBCAA	0.00	OPERATIONAL	operational
326e6845-e7d8-486c-a691-ccb05b419a15	雷克斯咖啡吧	雷克斯咖啡吧（翻新裝潢暫時停業中）	台南市北區南園街153巷2號	704台灣臺南市北區合興里南園街153巷2號	ChIJUWPUZuh2bjQRK4LlNcGNrkg	https://maps.google.com/?cid=5237279277650903595&g_mp=CiVnb29nbGUubWFwcy5wbGFjZXMudjEuUGxhY2VzLkdldFBsYWNlEAIYBCAA	1.00	CLOSED_TEMPORARILY	temporarily_closed
001fda5e-3985-4465-b6f7-ee88bde11f1e	美麗少婦的羽球咖-白色小舖子	白色小舖子咖啡館	台南市東區裕信路166號	701台灣臺南市東區關聖里裕信路166號	ChIJ_c8kU7F2bjQRkSYhvQ7Wo0Y	https://maps.google.com/?cid=5090147362649745041&g_mp=CiVnb29nbGUubWFwcy5wbGFjZXMudjEuUGxhY2VzLkdldFBsYWNlEAIYBCAA	0.48	OPERATIONAL	operational
4a0d1309-b7d0-4a00-bd04-84f60422390a	咖啡．候機室The Departure Lounge台南大同店	咖啡候機室 台南大同店	701台南市東區大同路一段231號	701台灣臺南市東區法華里大同路一段231號	ChIJkb46LuV3bjQR-aR2BYzYgcM	https://maps.google.com/?cid=14087779205290304761&g_mp=CiVnb29nbGUubWFwcy5wbGFjZXMudjEuUGxhY2VzLkdldFBsYWNlEAIYBCAA	0.51	CLOSED_TEMPORARILY	temporarily_closed
40d7011a-4286-4254-9b8e-0448c6313b1e	吉光咖啡	吉光咖啡	台南市東區光華街229巷28弄9號	701台灣臺南市東區泉南里光華街229巷28弄9號	ChIJu1W3AYV2bjQRRpCm9GdGATE	https://maps.google.com/?cid=3531180995135311942&g_mp=CiVnb29nbGUubWFwcy5wbGFjZXMudjEuUGxhY2VzLkdldFBsYWNlEAIYBCAA	1.00	CLOSED_PERMANENTLY	permanently_closed
46e0b1fb-3acb-4a8f-8c9c-1404a8c9e5c2	parkview綠帕克	巴克禮紀念公園自然環境教育中心	台南市東區育樂街250號	701台灣臺南市東區崇明里巴克禮路100號	ChIJk5d0L151bjQR3LZLlS7u2Zo	https://maps.google.com/?cid=11158211435627787996&g_mp=CiVnb29nbGUubWFwcy5wbGFjZXMudjEuUGxhY2VzLkdldFBsYWNlEAIYBCAA	0.08	OPERATIONAL	operational
53943d7a-b988-43d6-8e21-46c438ae85d3	findcoffee 找咖啡	自分咖啡 JIBUN COFFEE（不定期公休、無訂位、禁6歲以下、低消飲品）	台南市佳里區平等街183號	722台灣臺南市佳里區東寧里和平街146號	ChIJJ1XwSgB_bjQRtSbBW9XhgQw	https://maps.google.com/?cid=901249706934478517&g_mp=CiVnb29nbGUubWFwcy5wbGFjZXMudjEuUGxhY2VzLkdldFBsYWNlEAIYBCAA	0.36	OPERATIONAL	
5af86cc2-7d43-4cb0-a482-1e036d96c81c	奧薇小鎮	奧薇小鎮	台南市東區裕平路110號	701台灣臺南市東區文聖里裕平路110號	ChIJ1e78ZrB2bjQRs2_zp_ZCZYw	https://maps.google.com/?cid=10116565765104824243&g_mp=CiVnb29nbGUubWFwcy5wbGFjZXMudjEuUGxhY2VzLkdldFBsYWNlEAIYBCAA	1.00	CLOSED_PERMANENTLY	permanently_closed
0598cee3-09f8-4247-9aaa-423c0111d6de	虫二咖啡	夢蟲 Worm Coffee Stand (To Go Only）	台南市東區長榮路一段101號	700台灣臺南市中西區萬昌街87號	ChIJ360jIk53bjQR2mLNbnvOkno	https://maps.google.com/?cid=8832348848762217178&g_mp=CiVnb29nbGUubWFwcy5wbGFjZXMudjEuUGxhY2VzLkdldFBsYWNlEAIYBCAA	0.00	OPERATIONAL	operational
9d26bd7d-2c33-4a1a-a8d0-9733f5e3b9a3	農林咖啡	新農林檜木｜專營檜木建材、桌板	台南市麻豆區麻口里10之13號	721013台灣臺南市麻豆區麻口里麻佳路二段2號	ChIJVeQ2u-1-bjQR1YLzgYGlz2Y	https://maps.google.com/?cid=7408321887697339093&g_mp=CiVnb29nbGUubWFwcy5wbGFjZXMudjEuUGxhY2VzLkdldFBsYWNlEAIYBCAA	0.22	OPERATIONAL	operational
810fa4e3-eef0-4fb0-876b-1a2c905735a0	直式咖啡	森參會館bar | 裁縫師咖啡	台南市西門路二段412-1號	700006台灣臺南市中西區五條港里成功路359號3樓	ChIJw85BCrR3bjQRwZvZ9M4CgYs	https://maps.google.com/?cid=10052318931162078145&g_mp=CiVnb29nbGUubWFwcy5wbGFjZXMudjEuUGxhY2VzLkdldFBsYWNlEAIYBCAA	0.24	OPERATIONAL	operational
19310169-99c6-461d-8ccd-9bee994ecc66	兩倆	啢啢餐桌 Liang Liang Table	台南市中西區信義街100號	704台灣臺南市北區和順里民德路85巷63號	ChIJW_9OA4p3bjQRu8eOKgYkFqk	https://maps.google.com/?cid=12183965450799859643&g_mp=CiVnb29nbGUubWFwcy5wbGFjZXMudjEuUGxhY2VzLkdldFBsYWNlEAIYBCAA	0.00	OPERATIONAL	operational
24beb090-e516-4976-ad68-3403800e46f2	華莎咖啡	華莎精品工作室	台南市東區富農街一段131巷24-1號1樓	701台灣臺南市東區自強里富農街一段133號	ChIJT1cMX6t3bjQRjuzqj_teR-Y	https://maps.google.com/?cid=16593335786614221966&g_mp=CiVnb29nbGUubWFwcy5wbGFjZXMudjEuUGxhY2VzLkdldFBsYWNlEAIYBCAA	0.36	OPERATIONAL	operational
091584ad-0866-4e7c-ac32-a1d9b8eedfaa	爖咖啡	栮•咖啡	70463台南市北區開元路342巷8弄1號	700台灣臺南市中西區民權路一段199巷3號	ChIJo3Wev013bjQRRjoQuNJl2dU	https://maps.google.com/?cid=15409459555730471494&g_mp=CiVnb29nbGUubWFwcy5wbGFjZXMudjEuUGxhY2VzLkdldFBsYWNlEAIYBCAA	0.57	OPERATIONAL	operational
00bd0411-8cbd-4f7b-a06c-44c59d78b58e	恆萃咖啡Coffee Forever	kaffuns brew coffee 極萃咖啡	741台南市善化區民權路37-1號	700台灣臺南市中西區府前一街109巷2號	ChIJhR9ag2N2bjQRKFWVGW57c8c	https://maps.google.com/?cid=14371966548675220776&g_mp=CiVnb29nbGUubWFwcy5wbGFjZXMudjEuUGxhY2VzLkdldFBsYWNlEAIYBCAA	0.32	OPERATIONAL	operational
c6538e8b-d159-4694-b761-15d33992385c	URN Cafe	OUVERT SEOUL_TAINAN 台南店	台南市中西區臨安路一段97號	700台灣臺南市中西區赤嵌里民族路二段80-1號	ChIJmTWSruh3bjQRqHXF0Etz2XQ	https://maps.google.com/?cid=8419887747808196008&g_mp=CiVnb29nbGUubWFwcy5wbGFjZXMudjEuUGxhY2VzLkdldFBsYWNlEAIYBCAA	0.30	OPERATIONAL	operational
706f2e37-e497-41f2-a695-807fcd3c70b2	私人藏豆 COFFELLECTION - 永康店	私人藏豆-永康店	台南市永康區永平街No. 161號	710台灣臺南市永康區永康里永平街161號	ChIJYUF1Ic5wbjQRRTuzRStamdk	https://maps.google.com/?cid=15679662719566560069&g_mp=CiVnb29nbGUubWFwcy5wbGFjZXMudjEuUGxhY2VzLkdldFBsYWNlEAIYBCAA	0.52	OPERATIONAL	operational
7f63f4e7-2878-48e0-921c-73028fae8b56	開普三號店	Bottoms Up喝起來(無訂位/不接待12歲以下孩童)	台南市東區長榮路三段66巷70號	701台灣臺南市東區大學里長榮路三段131號	ChIJYyRiTwB3bjQRea5rypQqGkg	https://maps.google.com/?cid=5195511938664869497&g_mp=CiVnb29nbGUubWFwcy5wbGFjZXMudjEuUGxhY2VzLkdldFBsYWNlEAIYBCAA	0.00	OPERATIONAL	operational
65f7b9b1-5d0f-45a6-97a3-655587ae4ec2	微果咖啡  wego cafe	吾喵咖啡WU MEOW CFAÉ	台南市東區崇善11街2號	709台灣臺南市安南區溪東里府安路五段119巷23號	ChIJny7PQRh3bjQR2RHXxDnPLgo	https://maps.google.com/?cid=733751636330484185&g_mp=CiVnb29nbGUubWFwcy5wbGFjZXMudjEuUGxhY2VzLkdldFBsYWNlEAIYBCAA	0.54	OPERATIONAL	operational
8b38ff72-dc08-47f5-aa57-0e05333971a9	有邑家咖啡	有邑家 Home from Home Cafe	台南市北區海安路三段147號	704台灣臺南市北區雙安里海安路三段147號	ChIJNydw4lp3bjQRm6YucU6WqbU	https://maps.google.com/?cid=13090159055579555483&g_mp=CiVnb29nbGUubWFwcy5wbGFjZXMudjEuUGxhY2VzLkdldFBsYWNlEAIYBCAA	0.25	OPERATIONAL	operational
c7b8fda7-dfff-433c-9418-bc1ace221dd2	lazy day	懶日子桌遊概念館	台南市中西區忠孝街116巷2號	704台灣臺南市北區北華里公園路155號	ChIJLavuc8F3bjQRbPYQPnQk4ag	https://maps.google.com/?cid=12169047749807896172&g_mp=CiVnb29nbGUubWFwcy5wbGFjZXMudjEuUGxhY2VzLkdldFBsYWNlEAIYBCAA	0.00	OPERATIONAL	operational
a13e8b3a-af05-441d-8bef-9d6b9980861e	小野珈琲烘焙坊	小野珈琲自家烘豆~手沖咖啡.拿鐵.咖啡豆(僅外帶)	台南市東區崇善二街74號	701台灣台南市东区崇善二街74號Chongshan 2nd St74	ChIJ5bp26qF2bjQRAZ6Dqco2_UA	https://maps.google.com/?cid=4682959431590452737&g_mp=CiVnb29nbGUubWFwcy5wbGFjZXMudjEuUGxhY2VzLkdldFBsYWNlEAIYBCAA	0.36	OPERATIONAL	operational
38aae09f-4b60-497d-8537-1592e326c173	牽咖啡 Chen Coffee	牽咖啡台灣茶飲	台南市中西區民權路一段219號	70044台灣臺南市中西區城隍里民權路一段219號	ChIJCxuITYh2bjQR4938C-DoY1w	https://maps.google.com/?cid=6657420723155164643&g_mp=CiVnb29nbGUubWFwcy5wbGFjZXMudjEuUGxhY2VzLkdldFBsYWNlEAIYBCAA	0.30	OPERATIONAL	operational
e3e895b1-e642-4ba8-ab79-f6f1fdf30b2f	豆趣留聲	豆弄 とろ	台南市東區北門路二段16號	700台灣臺南市中西區法華里五妃街76號1樓	ChIJJ66RGYF2bjQRgjGVfAMGMso	https://maps.google.com/?cid=14569714356541796738&g_mp=CiVnb29nbGUubWFwcy5wbGFjZXMudjEuUGxhY2VzLkdldFBsYWNlEAIYBCAA	0.25	OPERATIONAL	operational
06f91049-f5b3-406e-99c0-95cdcdd72067	南找咖啡	南找咖啡	704台南市北區長榮路五段406巷28號	704台灣臺南市北區北門里長榮路五段406巷28號	ChIJr9m71aN3bjQRSYfLnDbbYAw	https://maps.google.com/?cid=891953753824659273&g_mp=CiVnb29nbGUubWFwcy5wbGFjZXMudjEuUGxhY2VzLkdldFBsYWNlEAIYBCAA	1.00	CLOSED_PERMANENTLY	permanently_closed
15496e8c-9670-4598-8bda-367059fb98b3	貓吐司	貓吐司堡專賣店	台南市東區大學路22巷16-1號	701台灣臺南市東區大學里大學路22巷16-1號	ChIJH5_Xn5N2bjQRQH76vGyJsmk	https://maps.google.com/?cid=7616301019956936256&g_mp=CiVnb29nbGUubWFwcy5wbGFjZXMudjEuUGxhY2VzLkdldFBsYWNlEAIYBCAA	1.00	CLOSED_TEMPORARILY	temporarily_closed
e3377851-6648-40b3-b77e-b7816bcfd76f	日日咖啡	日成咖啡早午餐_公休週三週四	台南市永康區中華路23巷1-2號	702台灣臺南市南區國民路157號	ChIJox2TCxF1bjQRR38lBb-O_ZE	https://maps.google.com/?cid=10519721255683587911&g_mp=CiVnb29nbGUubWFwcy5wbGFjZXMudjEuUGxhY2VzLkdldFBsYWNlEAIYBCAA	0.35	OPERATIONAL	operational
1788abf1-4f3f-43fe-9475-9cdc0dcb1a0c	手草生活	手艸HAND HAABU	台南市北區裕民街72巷12號	704台灣臺南市北區北華里裕民街72巷12號	ChIJcW_fL2B2bjQR2cagHwj9n-8	https://maps.google.com/?cid=17266797707693967065&g_mp=CiVnb29nbGUubWFwcy5wbGFjZXMudjEuUGxhY2VzLkdldFBsYWNlEAIYBCAA	0.13	OPERATIONAL	operational
36c67467-8617-4a15-87da-07a81b998116	Hour Jungle共同工作室（台南崇學館）	Hour Jungle Coworking 共同工作室 （獨立辦公室/開放座位/會議室出租/活動場地）	台南市東區崇學路165號7樓	701台灣臺南市東區崇學路165號7樓	ChIJd1st8a53bjQRBrvYykl9lpg	https://maps.google.com/?cid=10995113296160930566&g_mp=CiVnb29nbGUubWFwcy5wbGFjZXMudjEuUGxhY2VzLkdldFBsYWNlEAIYBCAA	0.48	OPERATIONAL	operational
899d9a5a-f2ae-41c9-b210-92d535c49c6d	覓拾coffee	覓拾coffee	台南市東區立德2路38號	701台灣臺南市東區大福里立德二路38號	ChIJs13GYCh0bjQRUGxGBXm8CBU	https://maps.google.com/?cid=1515668502575737936&g_mp=CiVnb29nbGUubWFwcy5wbGFjZXMudjEuUGxhY2VzLkdldFBsYWNlEAIYBCAA	1.00	CLOSED_PERMANENTLY	permanently_closed
25a7b95f-4e4f-4652-909a-0e9a84503258	ROOM A	Room A	台南市中西區康樂街21號	700台灣臺南市中西區南廠里康樂街21號3F	ChIJlWzRbHl2bjQRjKtopVctaAg	https://maps.google.com/?cid=605784004341836684&g_mp=CiVnb29nbGUubWFwcy5wbGFjZXMudjEuUGxhY2VzLkdldFBsYWNlEAIYBCAA	1.00	CLOSED_TEMPORARILY	temporarily_closed
7512041b-2dca-48af-bec1-955f0b454acd	寂寞先生 Mr.lonely Cafe & Bar	籠裏 Bar Lonely	70261台灣台南市南區萬年路160巷6-3號	70048台灣臺南市中西區南美里民生路一段157巷11號1樓	ChIJaYtNYHF3bjQRr-5r_fgwcjI	https://maps.google.com/?cid=3635021695203143343&g_mp=CiVnb29nbGUubWFwcy5wbGFjZXMudjEuUGxhY2VzLkdldFBsYWNlEAIYBCAA	0.47	OPERATIONAL	operational
872340f2-d9ad-41bd-bbe1-7876d9ec99c5	先吃•再聊	THE CARGO茶屋	台南市中西區開山路122巷36弄12號	700台灣臺南市中西區淺草里正興街76號	ChIJ45VlhJR3bjQR07RhE68_big	https://maps.google.com/?cid=2913336030132286675&g_mp=CiVnb29nbGUubWFwcy5wbGFjZXMudjEuUGxhY2VzLkdldFBsYWNlEAIYBCAA	0.00	OPERATIONAL	operational
27c5e13c-ce2c-4d2b-8644-b982830bd07b	慕坐會	慕Mu 日式定食	台南市北區成功路68巷9號	700台灣臺南市中西區南美里西門路二段6號	ChIJibqT2rh3bjQRSvTLTXwjoYE	https://maps.google.com/?cid=9340786118931248202&g_mp=CiVnb29nbGUubWFwcy5wbGFjZXMudjEuUGxhY2VzLkdldFBsYWNlEAIYBCAA	0.20	OPERATIONAL	operational
b8b57f25-aba5-4675-aa2f-796df624feef	那豆鮮焙	那豆鮮焙	台南市東區長榮路三段24巷20號	701台灣臺南市東區圍下里勝利路55號	ChIJAV70MpB2bjQR3tRwby1KGXc	https://maps.google.com/?cid=8581972123934840030&g_mp=CiVnb29nbGUubWFwcy5wbGFjZXMudjEuUGxhY2VzLkdldFBsYWNlEAIYBCAA	1.00	CLOSED_PERMANENTLY	permanently_closed
be7b0b4e-8bf8-4c36-8e25-50ba0ded2305	Quinny cafe & lounge	Quinny Coffee 歐式西餐廳｜午餐｜下午茶｜晚餐｜團體聚會｜聚餐推薦｜多人聚會首選｜活動包場	台南市東區長榮路一段95號	70143台灣臺南市東區泉南里長榮路一段95號2F 2F	ChIJ45UKRpt2bjQRNeTNdBco19M	https://maps.google.com/?cid=15264713543204594741&g_mp=CiVnb29nbGUubWFwcy5wbGFjZXMudjEuUGxhY2VzLkdldFBsYWNlEAIYBCAA	0.31	CLOSED_PERMANENTLY	permanently_closed
b7f6a02b-28ec-41f4-b59d-a1b27ca0a2e7	稍後咖啡館Encore Cafe	稍後咖啡館 Encore Cafe	台南市東區裕農二街六號	701台灣臺南市東區南聖里裕農二街6號	ChIJPZhlD3N3bjQR_wv9XUDCAAk	https://maps.google.com/?cid=648731928051911679&g_mp=CiVnb29nbGUubWFwcy5wbGFjZXMudjEuUGxhY2VzLkdldFBsYWNlEAIYBCAA	1.00	CLOSED_PERMANENTLY	permanently_closed
